Jacquet;Anaëlle;304-2436 Et Avenue;natoque@tristiquesenectus.co.uk;1997-06-13
Guyot;Antonin;Appartement 184-4672 Porttitor Rue;a@aptenttacitisociosqu.co.uk;1998-05-29
Fleury;Pauline;9463 Molestie Rue;Donec.porttitor.tellus@habitant.org;1997-04-02
Le roux;Manon;Appartement 503-1219 Lorem Rd.;porttitor.scelerisque.neque@massarutrum.com;1998-08-15
Gay;Mohamed;6433 Sagittis. Chemin;et.euismod.et@insodales.org;1996-05-26
Leclercq;Yasmine;Appartement 650-6522 Nulla Avenue;nec.mauris.blandit@Morbiaccumsanlaoreet.co.uk;1992-10-27
Lefevre;Félix;395-3359 Vitae, Rd.;tempus.mauris.erat@magnisdisparturient.co.uk;1996-09-20
Daniel;Salomé;CP 842, 1592 Ac Ave;nisl@ullamcorper.edu;1996-05-23
Prevost;Lena;233-7772 Felis. Chemin;sit.amet.consectetuer@anunc.ca;1993-07-25
Boulanger;Syrine;5103 Et Rue;odio@odiotristique.net;1992-09-27
Lemaire;Gilbert;404-326 Vitae Rd.;lacinia.mattis@enim.org;1996-03-06
Perrot;Maxence;CP 956, 1949 Donec Avenue;augue.id.ante@semutdolor.edu;1998-05-29
Renaud;Félix;8766 Adipiscing Impasse;placerat.Cras@Sedidrisus.co.uk;1994-05-13
Louis;Malo;Appartement 844-826 Velit Av.;orci.tincidunt.adipiscing@fermentum.co.uk;1991-06-08
Denis;Alexis;9104 Placerat, Route;magna.malesuada.vel@nec.ca;1996-10-18
Gautier;Lana;578-4580 Euismod Route;Pellentesque@nuncsed.co.uk;1995-06-10
Bertrand;Timéo;3983 Pede, Rue;Cras.sed@Uttinciduntorci.com;1996-03-31
Evrard;Maéva;CP 130, 5844 Velit. Impasse;Fusce.feugiat@cursusdiam.org;1992-12-25
Guyot;Françoise;Appartement 530-9094 Donec Av.;consectetuer.adipiscing@ut.org;1999-09-18
Schneider;Chaïma;CP 249, 2867 Aliquet. Rue;nulla.Integer.urna@dictum.ca;1991-08-30
Perrin;Gabin;CP 462, 8048 Sit Rue;Praesent@sitametorci.ca;1996-03-29
Vincent;Renaud;CP 835, 6960 Mollis Impasse;ac.orci.Ut@Mauris.co.uk;1996-11-22
Giraud;Alexandre;Appartement 930-7210 Vestibulum. Rue;Aenean@lectus.co.uk;1991-10-22
Evrard;Sarah;4418 Mattis. Rue;posuere.enim.nisl@enimmitempor.com;1992-06-22
Giraud;Kylian;930-2991 At Rue;consequat@auctorquis.com;1996-07-30
Guillot;Adrian;Appartement 463-8833 Vitae Rue;Nullam.feugiat.placerat@habitantmorbi.org;1995-11-23
Le goff;Adrian;Appartement 797-1923 Convallis Ave;ut.ipsum.ac@loremipsum.net;1997-08-28
Paul;Angelina;368-5885 Ornare Rd.;turpis.vitae@ametnullaDonec.ca;1992-08-06
Denis;Maelys;CP 715, 9251 Ipsum. Avenue;urna.et.arcu@In.com;1993-12-20
Moreau;Anthony;CP 622, 8993 Lobortis Chemin;odio.a@enimcondimentumeget.com;1993-04-26
Morin;Yasmine;786-8857 Pede Ave;dolor@fringilla.net;1992-09-01
Guyot;Timéo;Appartement 470-7504 Nostra, Av.;sagittis.Nullam.vitae@feugiatplaceratvelit.com;1992-09-28
Marchal;Hugo;509-3107 At Chemin;amet.consectetuer.adipiscing@Curabitur.ca;1992-04-19
Renaud;Yohan;Appartement 959-3814 Mauris Impasse;urna.nec.luctus@ultricesmauris.net;1996-12-11
Leclercq;Émile;Appartement 315-6764 Nascetur Av.;nisi.a.odio@Proinsed.ca;1995-02-16
Giraud;Diego;731-314 Lorem, Chemin;sed.tortor.Integer@vitaevelit.com;1996-11-10
Garcia;Baptiste;CP 479, 1210 Volutpat Rue;Aenean.gravida.nunc@justo.com;1998-07-22
Meyer;Manon;CP 223, 9297 Quis Avenue;semper.erat.in@montes.co.uk;1991-06-07
Denis;Lauriane;5319 Eu Av.;sit.amet.ultricies@convallisligula.org;1991-02-26
Meunier;Kylian;Appartement 874-7844 Laoreet, Chemin;accumsan@Cras.ca;1996-03-26
Carpentier;Justine;674-1433 Ultrices, Ave;viverra.Maecenas.iaculis@Suspendissesed.ca;1991-09-02
Carpentier;Julia;Appartement 914-9711 In, Chemin;arcu@dolor.org;1991-01-10
Riviere;Lauriane;637-9760 Est Chemin;sem.Nulla@necurna.co.uk;1999-11-04
Humbert;Jérémy;Appartement 426-6286 Lobortis Rd.;a@vulputaterisusa.net;1995-02-02
Laurent;Constant;774-2065 Libero Ave;parturient.montes@Etiam.ca;1992-05-10
Albert;Alice;7166 Arcu. Avenue;eget.metus@adipiscingelitEtiam.edu;1995-10-22
Hubert;Capucine;CP 458, 2083 Sodales Rue;ultricies@Maecenasliberoest.co.uk;1997-07-22
Richard;Lucie;CP 619, 5558 Natoque Impasse;vulputate@aliquamiaculislacus.ca;1994-03-09
Vasseur;Catherine;CP 260, 9627 Eget Rd.;orci.quis@inlobortis.net;1996-10-14
Vidal;Gaspard;2575 Suscipit, Rue;euismod.ac@Duisami.edu;1998-08-28
Duval;Lina;CP 517, 2163 Eu Route;sem@semperrutrumFusce.com;1992-11-18
Giraud;Éléna;CP 292, 9884 Semper Chemin;odio@dictumultriciesligula.org;1997-12-29
Leclercq;Mohamed;Appartement 606-825 Eget, Rue;ipsum@lacusQuisque.co.uk;1996-06-06
Weber;Lucas;Appartement 496-2898 Sed Route;Duis@sitamet.net;1991-11-14
Brunet;Yohan;Appartement 532-4389 Aliquet, Av.;fringilla.porttitor.vulputate@placeratorci.ca;1993-07-28
Nguyen;Léo;Appartement 912-5966 Volutpat Impasse;ac@Proinnonmassa.org;1992-07-07
Rolland;Éléna;Appartement 424-185 Donec Route;bibendum.sed@ultriciesdignissimlacus.net;1992-06-21
Baron;Océane;CP 275, 6786 Ut Avenue;arcu.imperdiet@variuseteuismod.co.uk;1991-09-16
Huet;Amine;6251 Feugiat Ave;augue.Sed.molestie@nectempus.ca;1994-04-07
Lacroix;Julie;4408 Scelerisque Chemin;dolor.dapibus@Aeneanegestashendrerit.ca;1993-05-21
Guyot;Clotilde;Appartement 952-6194 Enim Ave;Ut.semper@Namconsequatdolor.co.uk;1993-03-31
Denis;Sara;5976 Dictum Avenue;libero.est@Nunc.edu;1993-12-25
Joly;Alexandre;185-4549 Fringilla, Chemin;ac@sitametultricies.org;1999-10-21
Barbier;Baptiste;Appartement 618-7088 Nunc Route;nostra.per.inceptos@tempor.ca;1996-12-18
Pierre;Mélissa;CP 787, 4125 Hymenaeos. Route;sem@amet.com;1996-11-02
Mercier;Lauriane;CP 992, 8217 Aliquam Ave;lectus.Cum@Nullafacilisis.com;1997-12-19
Richard;Élise;3351 Magna. Chemin;eget@mifringilla.net;1999-03-18
Le goff;Constant;CP 413, 1620 Congue, Impasse;molestie@vitae.com;1999-08-21
Nguyen;Catherine;CP 533, 2380 Ligula Route;Nulla.tincidunt.neque@vulputateposuere.net;1999-07-09
Olivier;Julien;CP 343, 4660 Tempor Impasse;litora@maurissitamet.org;1996-05-22
Fleury;Angelina;844-9074 Risus Avenue;Vivamus@vulputateduinec.net;1997-09-25
Aubert;Louis;CP 688, 3444 Ante Ave;posuere.enim@ipsum.net;1995-02-16
Carre;Lola;7951 Lacus Ave;ipsum.dolor@Donecnibh.co.uk;1994-02-16
Olivier;Françoise;917-6330 Rutrum Rd.;vulputate.dui.nec@posuereatvelit.edu;1994-12-22
Nicolas;Rose;854-6323 Elit Rd.;consectetuer.rhoncus.Nullam@Nulladignissim.co.uk;1996-07-18
Royer;Félix;Appartement 176-8532 Donec Rd.;libero@orciUtsemper.com;1999-07-08
Rousseau;Alexia;4966 Eu, Route;enim.sit@Quisqueimperdiet.co.uk;1993-05-28
Faure;Marine;CP 865, 1733 Cursus Chemin;egestas@enimnec.net;1995-07-27
Dupuy;Clémence;Appartement 290-446 Convallis Route;blandit.viverra.Donec@Etiamlaoreet.co.uk;1995-09-20
Michel;Lamia;CP 717, 8678 Tristique Impasse;hymenaeos@at.org;1996-10-18
Gillet;Mehdi;545-2808 Sapien Route;mattis.ornare.lectus@cursusnonegestas.com;1993-08-12
Boucher;Yohan;3406 Magna. Av.;vitae.semper.egestas@urna.org;1996-03-04
Adam;Margot;Appartement 171-3860 Id Route;nulla.Integer@nisl.com;1996-08-14
Moreau;Noë;4327 Nisl. Chemin;pharetra@imperdietdictummagna.org;1992-12-26
Bertrand;Romain;Appartement 183-5639 Lacus. Rd.;in@facilisisfacilisismagna.co.uk;1992-11-19
Leroux;Colin;691-9744 Est Route;Cras.eu@non.edu;1999-09-20
Lebrun;Julie;Appartement 940-8710 Eget, Rue;accumsan@metuseuerat.net;1994-08-07
Rolland;Alexis;640-8699 Vulputate Av.;sociis.natoque@sed.co.uk;1994-09-14
Schmitt;Chloé;415-8571 Velit. Rd.;eget.tincidunt@blandit.ca;1997-12-13
Mathieu;Juliette;340-9512 Consequat Rd.;imperdiet.non@mauris.net;1996-08-12
Boulanger;Laura;Appartement 213-5487 Rutrum Ave;placerat@atpretiumaliquet.com;1995-08-14
Chevalier;Diego;Appartement 738-2513 Euismod Impasse;convallis.erat@egestasFuscealiquet.co.uk;1999-11-11
Bernard;Zacharis;391-2211 Nunc Avenue;Duis.sit@Pellentesqueut.co.uk;1999-11-18
Lefevre;Esteban;3981 Aliquet Rue;ornare.Fusce@necluctusfelis.edu;1997-06-07
Pereira;Clara;8318 Donec Av.;amet.consectetuer@Suspendissetristique.co.uk;1997-03-03
Muller;Louise;480-7678 Sed, Ave;luctus.sit@acturpisegestas.edu;1993-12-02
Roux;Timéo;Appartement 162-9934 Placerat, Route;interdum.feugiat@quis.ca;1993-11-17
Clement;Adam;265-6840 Scelerisque Av.;dui@Integeraliquamadipiscing.com;1991-01-04
Leclerc;Amandine;Appartement 622-3974 Mattis Route;tempor.diam.dictum@maurisaliquameu.co.uk;1993-03-08
Marie;Marwane;858-8060 Malesuada Route;Vivamus@egetvenenatis.net;1996-07-05