LinAlg1;LinAlg0
LinAlg2;LinAlg1
Ana1;Ana0
Ana2;Ana1
Ana3;Ana1
Ana4;Topo0
Ana4;LinAlg1
Control2;Control1
Control3;Control2
Topo0;Mesure0
Topo1;Topo0
Topo2;Topo0
Proba0;Mesure0
Proba1;Proba0
Proba2;Proba1
Mesure1;Mesure0
Comb1;Comb0
Comb2;Comb1
LinAlg1;Logic0
Logic1;Logic0
Logic2;Logic1
Logic3;Logic0
Fourier1;Ana0
Ana0;LinAlg0
Fourier2;LinAlg2
Complex0;LinAlg0
Complex1;Complex0
Complex1;Ana1
Complex2;Complex1
Signal1;Fourier1
Signal2;Signal1
Signal3;Music0
Signal3;Fourier2
Signal4;Signal2
Stats1;Proba1
Stats2;Stats1
Stats3;Proba0
Stats3;LinAlg1
Num0;Ana0
Num0;Techno0
Num0;Prog1
Num1;Prog1
Num2;Topo0
Num3;Topo0
Num3;LinAlg1
Num4;Topo0
Num5;Num4
Num6;Num5
Num7;Num3
ProgLin;Topo0
ProgLin;LinAlg1
Model0;Num0
Model0;Num1
Model1;Model0
Meca0;Ana0
Meca1;Meca0
Elec0;Ana0
Elec0;Complex0
Fourier1;Complex0
Fourier2;Complex0
Elec1;Elec0
Elec2;Meca1
Elec3;Elec2
Elec3;Signal2
Thermo0;Ana1
Thermo0;Meca0
Thermo1;Thermo0
Thermo2;Thermo1
Thermo3;Thermo2
Fluid0;Meca0
Elec2;Proba1
Fluid0;Ana1
Fluid1;Ana2
Fluid2;Fluid1
Fluid3;Fluid2
Fluid3;Num4
Fluid2;Num2
Optique0;Ana0
Optique1;Optique0
Optique1;Elec0
Mat1;Ana1
Mat1;Thermo0
Mat2;Mat1
Mat2;Thermo1
Techno2;Techno0
Prog0;Techno0
Prog0;Techno1
Prog1;Prog0
Prog2;Prog1
Prog3;Prog2
Prog4;Prog3
Net1;Net0
Net0;Techno0
DevWeb0;Techno1
DevWeb1;Prog3
Algo1;Prog1
Algo2;Comb0
Algo2;Algo1
Comp0;Algo2
Comp0;Comb1
Comp1;Comp0
Comp2;Comp1
DevWeb1;Data0
Data0;Prog0
Data1;Data0
Data1;Comb0
Data2;Data1
Data3;Num0
Data3;Data2
Music1;Music0
Music2;Music1
