Michel;Malik;Appartement 953-6114 Amet, Rd.;eu.augue@ac.com;1976-04-25
Bonnet;Lily;9067 Neque Route;mi.lorem@rutrumeuultrices.ca;1951-04-14
Leclerc;Alexandra;Appartement 324-901 Vulputate, Av.;mi.felis.adipiscing@noncursus.com;1971-01-29
Blanc;Agathe;Appartement 990-8574 Nulla Rue;et.arcu.imperdiet@sed.ca;1988-11-07
Robert;Anaëlle;CP 663, 2427 Lectus. Rd.;Suspendisse.aliquet@eratSednunc.org;1990-04-16
Prevost;Hugo;5433 Venenatis Avenue;metus.sit.amet@Nullamvelit.com;1981-10-26
Morin;Mathéo;Appartement 292-948 Feugiat. Ave;diam.luctus@luctusCurabitur.edu;1955-02-16
Benoit;Simon;CP 839, 3796 Donec Ave;sit.amet@augue.net;1962-12-29
Prevost;Lisa;231 Morbi Rue;vitae.erat.vel@Nullam.co.uk;1968-02-26
Caron;Candice;467-5375 Convallis Avenue;Duis.gravida.Praesent@volutpatNullafacilisis.org;1966-09-15
Fernandez;Juliette;100-2759 Donec Avenue;elit.pharetra@nunc.com;1972-03-10
Dumont;Macéo;CP 241, 5407 At Chemin;Curabitur.sed@musProin.org;1968-08-15
Garcia;Diego;Appartement 935-3557 Arcu Ave;adipiscing.ligula.Aenean@ullamcorper.com;1979-08-21
Meyer;Macéo;4896 Suspendisse Avenue;Cum.sociis@porttitorscelerisqueneque.net;1955-12-13
Guillot;Antoine;178-646 Lobortis Impasse;Cum.sociis.natoque@lectus.ca;1959-02-26
Roger;Élouan;Appartement 211-5162 Pharetra. Chemin;nulla.Donec@egestasa.net;1982-09-28
Noel;Lauriane;1296 Enim. Rd.;taciti.sociosqu.ad@blanditenim.net;1972-04-11
Humbert;Capucine;CP 246, 269 Ante. Av.;urna.Ut.tincidunt@a.net;1978-04-24
Philippe;Adam;149-5187 Sed, Impasse;Morbi.quis@arcuNunc.edu;1971-11-07
Andre;Chloé;CP 417, 480 Et Impasse;porttitor.interdum@etrutrumeu.ca;1950-08-17
Schmitt;Eva;213-9171 Elit. Chemin;et@Aliquamvulputate.org;1985-11-04
Muller;Lauriane;Appartement 872-7591 Proin Rd.;Sed.molestie.Sed@posuere.org;1969-07-24
Girard;Solene;642-3200 Malesuada Rd.;elit@nunc.edu;1966-04-16
Michel;Léon;Appartement 873-1713 Mi. Avenue;Ut.semper@nisi.net;1987-11-14
Gonzalez;Killian;CP 132, 6537 Ac Chemin;vulputate.eu.odio@Nunc.ca;1983-04-12
Bailly;Loevan;Appartement 136-535 Non, Rue;libero.mauris@tellus.ca;1982-10-11
Arnaud;Arthur;9751 Sapien, Chemin;tempor@hendrerita.org;1958-09-29
Herve;Tatiana;CP 855, 5265 Laoreet Route;eu.dui@nisiCum.edu;1969-01-19
Marchal;Margaux;Appartement 366-8609 Mi. Chemin;condimentum.eget.volutpat@loremipsum.net;1964-04-11
Pasquier;Arthur;1333 Viverra. Avenue;magnis@sodalesMaurisblandit.com;1990-07-18
Bonnet;Mathilde;9051 Consectetuer, Impasse;montes.nascetur@sagittis.com;1957-12-04
Vasseur;Alexis;541-6288 Sem Rue;velit.eget@conubianostraper.net;1960-10-18
Perrin;Félix;CP 878, 6798 Enim Rd.;cursus.non.egestas@eget.edu;1987-06-10
Aubry;Lilou;423-5929 Vel Avenue;iaculis.nec.eleifend@nec.org;1950-06-26
Renaud;Françoise;364-4105 Aenean Impasse;ullamcorper.Duis@sitametdapibus.co.uk;1978-03-23
Giraud;Malik;391 Lorem Rue;montes@Nunc.edu;1968-06-19
Le goff;Timéo;5723 Ut Chemin;Donec.tincidunt.Donec@rhoncusProin.edu;1961-06-24
Caron;Katell;6557 Erat Av.;posuere.cubilia.Curae@euismodindolor.org;1963-09-30
Guillaume;Mélanie;6152 Arcu. Chemin;justo.nec@nasceturridiculusmus.co.uk;1977-01-03
Blanc;Aaron;CP 218, 5744 Sit Av.;nec@quispedePraesent.co.uk;1967-04-17
Robert;Lisa;3550 Et Rue;risus.Nunc@neque.edu;1954-12-17
Carpentier;Maéva;715 Lorem Impasse;imperdiet.erat.nonummy@In.org;1990-02-18
Marty;Romain;242-9762 Ante Impasse;amet.faucibus@elitpharetra.org;1988-09-15
Barbier;Lucas;CP 290, 2159 Amet, Avenue;Mauris.vestibulum.neque@maurisipsumporta.edu;1969-09-24
Roussel;Arthur;1370 Accumsan Av.;purus@rutrummagna.co.uk;1960-08-16
Barbier;Anna;Appartement 499-7467 Luctus Ave;cursus@magnatellusfaucibus.edu;1967-10-18
Garcia;Thomas;535-7208 Habitant Ave;Vestibulum@enimSuspendissealiquet.net;1963-07-20
Collin;Amélie;878-5705 Mauris Chemin;enim.diam@DonecfringillaDonec.ca;1989-10-23
Bonnet;Alicia;3411 Est Rue;commodo.ipsum.Suspendisse@Quisqueac.com;1983-01-13
Lucas;Alicia;CP 728, 2033 Mollis. Rue;mollis.nec@Sed.edu;1988-06-18
Collet;Davy;345-3170 Lectus Road;ultrices.sit.amet@etipsumcursus.ca;1953-10-18
Vasseur;Titouan;Ap #628-1220 Aliquam St.;nibh@Nulla.edu;1951-02-12
Rolland;Rose;P.O. Box 498, 401 Magna, Av.;nisl@et.com;1965-05-06
Arnaud;Mathieu;P.O. Box 716, 1709 Suspendisse Rd.;Donec.fringilla@ac.ca;1956-12-19
Schneider;Yüna;774-6722 Erat, Road;Aliquam.auctor.velit@metussitamet.edu;1984-07-10
Leroux;Lily;915-5814 Tellus St.;sem.mollis@sodales.edu;1982-09-24
Garnier;Lucas;Ap #718-7422 Convallis Av.;placerat.Cras.dictum@duiquis.com;1986-01-10
Dubois;Killian;1088 Aliquet, Ave;dapibus@nonarcu.edu;1955-12-04
Henry;Valentine;6467 Risus. Street;tincidunt.orci@natoque.com;1975-05-11
Baron;Jade;9277 Vitae, Rd.;vel@Nulla.net;1989-08-13
Charles;Maelys;P.O. Box 496, 8784 Mauris St.;eu.placerat@nonegestasa.org;1989-07-30
Aubert;Nathan;Ap #603-5749 Tristique Road;Curabitur.egestas@massa.com;1958-07-22
Vidal;Noah;Ap #939-2716 Leo. St.;Nullam.feugiat.placerat@aliquetmetusurna.com;1978-05-21
Lemaire;Diego;Ap #514-8349 Fermentum Street;lobortis.risus.In@felisullamcorper.ca;1989-01-12
Jacob;Malik;Ap #698-7210 Lorem St.;libero@odiosagittissemper.ca;1990-05-03
Rodriguez;Léonie;9543 Nunc Rd.;lectus.pede.et@augue.co.uk;1984-08-04
Nguyen;Bastien;Ap #381-5845 At Avenue;lobortis@Mauris.edu;1978-10-09
Rolland;Constant;1301 Semper Avenue;turpis.nec.mauris@iaculisquis.ca;1950-04-27
Marchal;Jules;P.O. Box 706, 1660 Pede Rd.;massa.non.ante@parturient.ca;1952-06-22
Jean;Eva;736-8541 Commodo Ave;auctor.nunc@sitamet.co.uk;1983-03-18
Roche;Maïwenn;Ap #881-3982 Mauris. St.;egestas.Duis.ac@Craseget.co.uk;1957-05-25
Martinez;Charlotte;812-4291 Per Ave;ac.fermentum.vel@elementumsem.com;1990-09-26
Girard;Lutécia;2111 Tincidunt, Rd.;semper.erat@dignissim.org;1972-10-31
Duval;Thomas;7736 Nec, Road;eu@purusac.net;1983-11-30
Faure;Mattéo;P.O. Box 283, 3400 Curabitur Rd.;erat@risusDonecnibh.net;1954-07-31
Simon;Catherine;5400 Urna. Ave;a@elit.co.uk;1981-08-11
Berger;Bruno;943-9791 Luctus St.;lobortis.augue.scelerisque@sem.net;1965-04-01
Picard;Kilian;Ap #391-5519 Phasellus Rd.;ullamcorper.magna.Sed@congueIn.org;1987-11-27
Dumont;Gaspard;Ap #949-131 Auctor, Road;vitae@auctorMauris.org;1983-05-31
Poulain;Angelina;Ap #963-7265 Gravida. Av.;sollicitudin.adipiscing@Curabituregestasnunc.ca;1988-05-18
Caron;Baptiste;279-4481 Suspendisse Av.;adipiscing.fringilla@Ut.com;1985-03-05
Schmitt;Bruno;Ap #603-7718 Lorem, Ave;sapien@pede.co.uk;1968-11-30
Leroy;Lena;846-9955 Nulla Street;faucibus.lectus.a@miDuis.co.uk;1963-03-25
Gonzalez;Lamia;5026 Libero St.;dictum@odio.net;1981-10-16
Roussel;Clément;Ap #590-3802 Eu, Avenue;consectetuer.mauris.id@est.co.uk;1954-03-22
Jacob;Nina;Ap #941-6216 Lacus, Rd.;nonummy.Fusce.fermentum@gravida.co.uk;1952-09-25
Francois;Kyllian;Ap #644-3477 Imperdiet, Rd.;Sed.id.risus@porttitorinterdumSed.co.uk;1972-08-28
Paris;Marine;P.O. Box 327, 3236 Elit. Road;Nullam.suscipit@ultricesiaculisodio.com;1957-11-25
Rousseau;Maelys;Ap #775-6431 Nunc Ave;ut.eros.non@quislectusNullam.ca;1957-01-16
Legrand;Élisa;P.O. Box 212, 7716 Risus Street;amet.consectetuer@temporaugue.edu;1985-09-23
Roy;Amandine;Ap #112-8533 Nunc Street;faucibus.id@eratvel.edu;1989-03-20
Lopez;Martin;117-5035 Dolor Street;vel.venenatis@et.edu;1967-05-22
Blanchard;Célia;P.O. Box 550, 8330 Dis Ave;taciti.sociosqu.ad@nuncsedpede.co.uk;1970-01-29
Rodriguez;Clara;Ap #343-2875 Pede, Street;nisi.sem@Nuncmaurissapien.net;1982-05-16
Le goff;Macéo;817-883 Tempor Rd.;pede.Nunc.sed@molestieintempus.edu;1950-05-03
Millet;Enzo;P.O. Box 618, 8694 Mi Street;mauris.Integer.sem@Donecporttitortellus.org;1976-08-28
Meyer;Lou;P.O. Box 539, 7896 Mauris Av.;ac.orci@luctus.com;1978-11-27
Paris;Florian;403 Sodales Rd.;augue.porttitor@duiSuspendisseac.edu;1983-03-02
Joly;Marine;P.O. Box 330, 8058 Eu Ave;eu.odio@vestibulummassa.ca;1952-06-10
Legrand;Kimberley;Ap #470-517 Luctus St.;pede.nonummy@inceptos.org;1955-09-27
Chevallier;Léane;4932 Sem. Avenue;molestie.arcu.Sed@Phasellus.edu;1973-07-26
Lecomte;Florentin;P.O. Box 689, 6134 Fringilla St.;malesuada@egestas.edu;1988-05-22
Duval;Emma;499-3909 Convallis Street;Mauris.nulla@nuncrisus.com;1961-05-09
Baron;Lisa;Ap #776-3720 Et Avenue;erat.Vivamus.nisi@commodo.com;1966-04-17
Vasseur;Adrien;Ap #684-7076 Dis Street;ultricies.sem@eu.net;1961-08-02
Adam;Kylian;7207 Dignissim St.;vitae.diam.Proin@purussapiengravida.org;1986-08-15
Caron;Antonin;Ap #121-758 Vivamus St.;fringilla.euismod.enim@Namacnulla.ca;1972-04-27
Mathieu;Enzo;2570 Varius. Av.;Mauris.magna@pulvinararcu.org;1973-08-16
Hubert;Loevan;667 Sapien Rd.;luctus@auctorveliteget.edu;1968-05-09
Gautier;Dimitri;9282 Mi. Street;vitae.aliquet.nec@et.co.uk;1990-04-17
Herve;Louise;P.O. Box 383, 7214 Urna St.;purus.gravida@Sednecmetus.net;1965-06-21
Mallet;Kilian;Ap #396-3540 Et Road;Integer@MorbivehiculaPellentesque.edu;1960-10-02
Giraud;Loane;Ap #759-6607 Auctor Street;nunc.est.mollis@fames.edu;1970-05-13
Morin;Amélie;5023 Enim. Av.;justo.eu@variusorci.org;1976-10-16
Girard;Margaux;397-6249 Mauris Avenue;neque.vitae.semper@tristique.ca;1952-09-21
Maillard;Léane;Ap #350-1506 Lorem Ave;euismod@tellus.net;1953-01-11
Duval;Jérémy;251-7207 Augue, Road;orci.lobortis@Aliquamnisl.edu;1975-07-31
Gomez;Rémi;780-4186 Fusce Ave;non.dapibus.rutrum@velfaucibusid.com;1972-06-07
Carre;Fanny;5048 Ipsum. Av.;posuere@eratinconsectetuer.org;1975-08-07
Bernard;Amine;3529 Pede. Street;augue.Sed@euerosNam.com;1957-06-01
Deschamps;Lana;Ap #684-5450 Dui Road;eleifend.vitae@arcuac.co.uk;1985-11-01
Roger;Baptiste;2529 Vulputate, Rd.;molestie@acmattis.co.uk;1979-08-15
Denis;Mélissa;Ap #909-202 Vestibulum Avenue;tincidunt@sem.com;1982-05-26
Le roux;Thibault;5735 Netus Avenue;Etiam@aliquetProin.org;1982-12-22
Dupont;Timothée;706-4976 Aliquam St.;lobortis@eros.com;1981-01-27
Boulanger;Inès;Ap #648-9141 Consectetuer Road;id.sapien@adipiscingelit.ca;1989-10-18
Aubert;Kilian;Ap #354-4370 Ipsum. Ave;sociosqu.ad.litora@ac.org;1953-06-28
Lefevre;Maelys;P.O. Box 501, 4869 Ante St.;blandit.viverra@blandit.net;1963-07-21
Paris;Anaïs;Ap #574-9061 Quisque Avenue;Duis.a.mi@leoCrasvehicula.ca;1986-08-02
Dufour;Lilian;P.O. Box 974, 6681 Cursus. Ave;eu.erat.semper@Nunc.co.uk;1950-01-04
